X,"
"
X,"
"
X,"
"
X,"
"
X,"
"
X,"
"
X,"
"
X,"
"
X,"
"
X,"
"
X,"
"
X,"
"
X,"
"
X,"
"
X,"
"
X,"
"
X,"
"
X,"
"
X,"
"
X,"
"
X,"
"
X,"
"
X,"
"
X,"
"
X,"
"
X,"
"
X,"
"
X,"
"
X,"
"
X,"
"
X,"
"
X,"
"
X,"
"
X,"
"
X,"
"
X,"
"
X,"
"
X,"
"
X,"
"
X,"
"
X,"
"
X,"
"
X,"
"
X,"
"
X,"
"
X,"
"
X,"
"
X,"
"
X,"
"
X,"
"
X,"
"
X,"
"
X,"
"
X,"
"
X,"
"
X,"
"
X,"
"
X,"
"
X,"
"
X,"
"
X,"
"
X,"
"
X,"
"
X,"
"
X,"
"
X,"
"
X,"
"
X,"
"
X,"
"
X,"
"
X,"
"
X,"
"
X,"
"
X,"
"
X,"
"
X,"
"
X,"
"
X,"
"
X,"
"
X,"
"
X,"
"
X,"
"
X,"
"
X,"
"
X,"
"
X,"
"
X,"
"
X,"
"
X,"
"
X,"
"
X,"
"
X,"
"
X,"
"
X,"
"
X,"
"
X,"
"
X,"
"
X,"
"
X,"
"
X,"
"
X,"
"
X,"
"
X,"
"
X,"
"
X,"
"
X,"
"
X,"
"
X,"
"
X,"
"
X,"
"
X,"
"
X,"
"
X,"
"
X,"
"
X,"
"
X,"
"
X,"
"
X,"
"
X,"
"
X,"
"
X,"
"
X,"
"
X,"
"
X,"
"
X,"
"
X,"
"
X,"
"
X,"
"
X,"
"
X,"
"
X,"
"
X,"
"
X,"
"
X,"
"
X,"
"
X,"
"
X,"
"
X,"
"
X,"
"
X,"
"
X,"
"
X,"
"
X,"
"
X,"
"
X,"
"
X,"
"
X,"
"
X,"
"
X,"
"
X,"
"
X,"
"
X,"
"
X,"
"
X,"
"
X,"
"
X,"
"
X,"
"
X,"
"
X,"
"
X,"
"
X,"
"
X,"
"
X,"
"
X,"
"
X,"
"
X,"
"
X,"
"
X,"
"
X,"
"
X,"
"
X,"
"
X,"
"
X,"
"
X,"
"
X,"
"
X,"
"
X,"
"
X,"
"
X,"
"
X,"
"
X,"
"
X,"
"
X,"
"
X,"
"
X,"
"
X,"
"
X,"
"
X,"
"
X,"
"
X,"
"
X,"
"
X,"
"
X,"
"
X,"
"
X,"
"
X,"
"
X,"
"
X,"
"
X,"
"
X,"
"
X,"
"
X,"
"
X,"
"
X,"
"
X,"
"
X,"
"
X,"
"
X,"
"
X,"
"
X,"
"
X,"
"
X,"
"
X,"
"
X,"
"
X,"
"
X,"
"
X,"
"
X,"
"
X,"
"
X,"
"
X,"
"
X,"
"
X,"
"
X,"
"
X,"
"
X,"
"
X,"
"
X,"
"
X,"
"
X,"
"
X,"
"
X,"
"
X,"
"
X,"
"
X,"
"
X,"
"
X,"
"
X,"
"
X,"
"
X,"
"
X,"
"
X,"
"
X,"
"
X,"
"
X,"
"
X,"
"
X,"
"
X,"
"
X,"
"
X,"
"
X,"
"
X,"
"
X,"
"
X,"
"
X,"
"
X,"
"
X,"
"
X,"
"
X,"
"
X,"
"
X,"
"
X,"
"
X,"
"
X,"
"
X,"
"
X,"
"
X,"
"
X,"
"
X,"
"
X,"
"
X,"
"
X,"
"
X,"
"
X,"
"
X,"
"
X,"
"
X,"
"
X,"
"
X,"
"
X,"
"
X,"
"
X,"
"
X,"
"
X,"
"
X,"
"
X,"
"
X,"
"
X,"
"
X,"
"
X,"
"
X,"
"
X,"
"
X,"
"
X,"
"
X,"
"
X,"
"
X,"
"
X,"
"
X,"
"
X,"
"
X,"
"
X,"
"
X,"
"
C,"
"
C,"
"
C,"
"
C,"
"
C,"
"
C,"
"
C,"
"
C,"
"
C,"
"
C,"
"
C,"
"
C,"
"
C,"
"
C,"
"
C,"
"
C,"
"
C,"
"
C,"
"
C,"
"
C,"
"
C,"
"
C,"
"
C,"
"
C,"
"
C,"
"
C,"
"
C,"
"
C,"
"
C,"
"
C,"
"
C,"
"
C,"
"
C,"
"
C,"
"
C,"
"
C,"
"
C,"
"
C,"
"
C,"
"
C,"
"
C,"
"
C,"
"
C,"
"
C,"
"
C,"
"
C,"
"
C,"
"
C,"
"
C,"
"
C,"
"
C,"
"
C,"
"
C,"
"
C,"
"
C,"
"
C,"
"
C,"
"
C,"
"
C,"
"
C,"
"
C,"
"
C,"
"
C,"
"
C,"
"
C,"
"
C,"
"
C,"
"
C,"
"
C,"
"
C,"
"
C,"
"
C,"
"
C,"
"
C,"
"
C,"
"
C,"
"
C,"
"
C,"
"
C,"
"
C,"
"
C,"
"
C,"
"
C,"
"
C,"
"
C,"
"
C,"
"
C,"
"
C,"
"
C,"
"
C,"
"
C,"
"
C,"
"
C,"
"
C,"
"
C,"
"
C,"
"
C,"
"
C,"
"
C,"
"
C,"
"
C,"
"
C,"
"
C,"
"
C,"
"
C,"
"
C,"
"
C,"
"
C,"
"
C,"
"
C,"
"
C,"
"
C,"
"
C,"
"
C,"
"
C,"
"
C,"
"
C,"
"
C,"
"
C,"
"
C,"
"
C,"
"
C,"
"
C,"
"
C,"
"
C,"
"
C,"
"
C,"
"
C,"
"
C,"
"
C,"
"
C,"
"
C,"
"
C,"
"
C,"
"
C,"
"
C,"
"
C,"
"
C,"
"
C,"
"
C,"
"
C,"
"
C,"
"
C,"
"
C,"
"
C,"
"
C,"
"
C,"
"
C,"
"
C,"
"
C,"
"
C,"
"
C,"
"
C,"
"
C,"
"
C,"
"
C,"
"
C,"
"
C,"
"
C,"
"
C,"
"
C,"
"
C,"
"
C,"
"
C,"
"
C,"
"
C,"
"
C,"
"
C,"
"
C,"
"
C,"
"
C,"
"
C,"
"
C,"
"
C,"
"
C,"
"
C,"
"
C,"
"
C,"
"
C,"
"
C,"
"
C,"
"
C,"
"
C,"
"
C,"
"
C,"
"
C,"
"
C,"
"
C,"
"
C,"
"
C,"
"
C,"
"
C,"
"
C,"
"
C,"
"
C,"
"
C,"
"
C,"
"
C,"
"
C,"
"
C,"
"
C,"
"
C,"
"
C,"
"
C,"
"
C,"
"
C,"
"
C,"
"
C,"
"
C,"
"
C,"
"
C,"
"
C,"
"
C,"
"
C,"
"
C,"
"
C,"
"
C,"
"
C,"
"
C,"
"
C,"
"
C,"
"
C,"
"
C,"
"
C,"
"
C,"
"
C,"
"
C,"
"
C,"
"
C,"
"
C,"
"
C,"
"
C,"
"
C,"
"
C,"
"
C,"
"
C,"
"
C,"
"
C,"
"
C,"
"
C,"
"
C,"
"
C,"
"
C,"
"
C,"
"
C,"
"
C,"
"
C,"
"
C,"
"
C,"
"
C,"
"
C,"
"
C,"
"
C,"
"
C,"
"
C,"
"
C,"
"
C,"
"
C,"
"
C,"
"
C,"
"
C,"
"
C,"
"
C,"
"
C,"
"
C,"
"
C,"
"
C,"
"
C,"
"
C,"
"
C,"
"
C,"
"
C,"
"
C,"
"
C,"
"
C,"
"
C,"
"
C,"
"
C,"
"
C,"
"
C,"
"
C,"
"
C,"
"
C,"
"
C,"
"
C,"
"
C,"
"
C,"
"
C,"
"
C,"
"
C,"
"
C,"
"
C,"
"
C,"
"
C,"
"
C,"
"
C,"
"
C,"
"
C,"
"
C,"
"
C,"
"
C,"
"
C,"
"
C,"
"
C,"
"
C,"
"
C,"
"
C,"
"
C,"
"
C,"
"
C,"
"
C,"
"
C,"
"
C,"
"
C,"
"
Z,"
"
Z,"
"
Z,"
"
Z,"
"
Z,"
"
Z,"
"
Z,"
"
Z,"
"
Z,"
"
Z,"
"
Z,"
"
Z,"
"
Z,"
"
Z,"
"
Z,"
"
Z,"
"
Z,"
"
Z,"
"
Z,"
"
Z,"
"
Z,"
"
Z,"
"
Z,"
"
Z,"
"
Z,"
"
Z,"
"
Z,"
"
Z,"
"
Z,"
"
Z,"
"
Z,"
"
Z,"
"
Z,"
"
Z,"
"
Z,"
"
Z,"
"
Z,"
"
Z,"
"
Z,"
"
Z,"
"
Z,"
"
Z,"
"
Z,"
"
Z,"
"
Z,"
"
Z,"
"
Z,"
"
Z,"
"
Z,"
"
Z,"
"
Z,"
"
Z,"
"
Z,"
"
Z,"
"
Z,"
"
Z,"
"
Z,"
"
Z,"
"
Z,"
"
Z,"
"
Z,"
"
Z,"
"
Z,"
"
Z,"
"
Z,"
"
Z,"
"
Z,"
"
Z,"
"
Z,"
"
Z,"
"
Z,"
"
Z,"
"
Z,"
"
Z,"
"
Z,"
"
Z,"
"
Z,"
"
Z,"
"
Z,"
"
Z,"
"
Z,"
"
Z,"
"
Z,"
"
Z,"
"
Z,"
"
Z,"
"
Z,"
"
Z,"
"
Z,"
"
Z,"
"
Z,"
"
Z,"
"
Z,"
"
Z,"
"
Z,"
"
Z,"
"
Z,"
"
Z,"
"
Z,"
"
Z,"
"
Z,"
"
Z,"
"
Z,"
"
Z,"
"
Z,"
"
Z,"
"
Z,"
"
Z,"
"
Z,"
"
Z,"
"
Z,"
"
Z,"
"
Z,"
"
Z,"
"
Z,"
"
Z,"
"
Z,"
"
Z,"
"
Z,"
"
Z,"
"
Z,"
"
Z,"
"
Z,"
"
Z,"
"
Z,"
"
Z,"
"
Z,"
"
Z,"
"
Z,"
"
Z,"
"
Z,"
"
Z,"
"
Z,"
"
Z,"
"
Z,"
"
Z,"
"
Z,"
"
Z,"
"
Z,"
"
Z,"
"
Z,"
"
Z,"
"
Z,"
"
Z,"
"
Z,"
"
Z,"
"
Z,"
"
Z,"
"
Z,"
"
Z,"
"
Z,"
"
Z,"
"
Z,"
"
Z,"
"
Z,"
"
Z,"
"
Z,"
"
Z,"
"
Z,"
"
Z,"
"
Z,"
"
Z,"
"
Z,"
"
Z,"
"
Z,"
"
Z,"
"
Z,"
"
Z,"
"
Z,"
"
Z,"
"
Z,"
"
Z,"
"
Z,"
"
Z,"
"
Z,"
"
Z,"
"
Z,"
"
Z,"
"
Z,"
"
Z,"
"
Z,"
"
Z,"
"
Z,"
"
Z,"
"
Z,"
"
Z,"
"
Z,"
"
Z,"
"
Z,"
"
Z,"
"
Z,"
"
Z,"
"
Z,"
"
Z,"
"
Z,"
"
Z,"
"
Z,"
"
Z,"
"
Z,"
"
Z,"
"
Z,"
"
Z,"
"
Z,"
"
Z,"
"
Z,"
"
Z,"
"
Z,"
"
Z,"
"
Z,"
"
Z,"
"
Z,"
"
Z,"
"
Z,"
"
Z,"
"
Z,"
"
Z,"
"
Z,"
"
Z,"
"
Z,"
"
Z,"
"
Z,"
"
Z,"
"
Z,"
"
Z,"
"
Z,"
"
Z,"
"
Z,"
"
Z,"
"
Z,"
"
Z,"
"
Z,"
"
Z,"
"
Z,"
"
Z,"
"
Z,"
"
Z,"
"
Z,"
"
Z,"
"
Z,"
"
Z,"
"
Z,"
"
Z,"
"
Z,"
"
Z,"
"
Z,"
"
Z,"
"
Z,"
"
Z,"
"
Z,"
"
Z,"
"
Z,"
"
Z,"
"
Z,"
"
Z,"
"
Z,"
"
Z,"
"
Z,"
"
Z,"
"
Z,"
"
Z,"
"
Z,"
"
Z,"
"
Z,"
"
Z,"
"
Z,"
"
Z,"
"
Z,"
"
Z,"
"
Z,"
"
Z,"
"
Z,"
"
Z,"
"
Z,"
"
Z,"
"
Z,"
"
Z,"
"
Z,"
"
Z,"
"
Z,"
"
Z,"
"
Z,"
"
Z,"
"
Z,"
"
Z,"
"
Z,"
"
Z,"
"
Z,"
"
Z,"
"
Z,"
"
Z,"
"
Z,"
"
Z,"
"
Z,"
"
Z,"
"
Z,"
"
Z,"
"
Z,"
"
Z,"
"
Z,"
"
Z,"
"
Z,"
"
Z,"
"
Z,"
"
Z,"
"
Z,"
"
Z,"
"
Z,"
"
Z,"
"
Z,"
"
Z,"
"
E,"
"
E,"
"
E,"
"
E,"
"
E,"
"
E,"
"
E,"
"
E,"
"
E,"
"
E,"
"
E,"
"
E,"
"
E,"
"
E,"
"
E,"
"
E,"
"
E,"
"
E,"
"
E,"
"
E,"
"
E,"
"
E,"
"
E,"
"
E,"
"
E,"
"
E,"
"
E,"
"
E,"
"
E,"
"
E,"
"
E,"
"
E,"
"
E,"
"
E,"
"
E,"
"
E,"
"
E,"
"
E,"
"
E,"
"
E,"
"
E,"
"
E,"
"
E,"
"
E,"
"
E,"
"
E,"
"
E,"
"
E,"
"
E,"
"
E,"
"
E,"
"
E,"
"
E,"
"
E,"
"
E,"
"
E,"
"
E,"
"
E,"
"
E,"
"
E,"
"
E,"
"
E,"
"
E,"
"
E,"
"
E,"
"
E,"
"
E,"
"
E,"
"
E,"
"
E,"
"
E,"
"
E,"
"
E,"
"
E,"
"
E,"
"
E,"
"
E,"
"
E,"
"
E,"
"
E,"
"
E,"
"
E,"
"
E,"
"
E,"
"
E,"
"
E,"
"
E,"
"
E,"
"
E,"
"
E,"
"
E,"
"
E,"
"
E,"
"
E,"
"
E,"
"
E,"
"
E,"
"
E,"
"
E,"
"
E,"
"
E,"
"
E,"
"
E,"
"
E,"
"
E,"
"
E,"
"
E,"
"
E,"
"
E,"
"
E,"
"
E,"
"
E,"
"
E,"
"
E,"
"
E,"
"
E,"
"
E,"
"
E,"
"
E,"
"
E,"
"
E,"
"
E,"
"
E,"
"
E,"
"
E,"
"
E,"
"
E,"
"
E,"
"
E,"
"
E,"
"
E,"
"
E,"
"
E,"
"
E,"
"
E,"
"
E,"
"
E,"
"
E,"
"
E,"
"
E,"
"
E,"
"
E,"
"
E,"
"
E,"
"
E,"
"
E,"
"
E,"
"
E,"
"
E,"
"
E,"
"
E,"
"
E,"
"
E,"
"
E,"
"
E,"
"
E,"
"
E,"
"
E,"
"
E,"
"
E,"
"
E,"
"
E,"
"
E,"
"
E,"
"
E,"
"
E,"
"
E,"
"
E,"
"
E,"
"
E,"
"
E,"
"
E,"
"
E,"
"
E,"
"
E,"
"
E,"
"
E,"
"
E,"
"
E,"
"
E,"
"
E,"
"
E,"
"
E,"
"
E,"
"
E,"
"
E,"
"
E,"
"
E,"
"
E,"
"
E,"
"
E,"
"
E,"
"
E,"
"
E,"
"
E,"
"
E,"
"
E,"
"
E,"
"
E,"
"
E,"
"
E,"
"
E,"
"
E,"
"
E,"
"
E,"
"
E,"
"
E,"
"
E,"
"
E,"
"
E,"
"
E,"
"
E,"
"
E,"
"
E,"
"
E,"
"
E,"
"
E,"
"
E,"
"
E,"
"
E,"
"
E,"
"
E,"
"
E,"
"
E,"
"
E,"
"
E,"
"
E,"
"
E,"
"
E,"
"
E,"
"
E,"
"
E,"
"
E,"
"
E,"
"
E,"
"
E,"
"
E,"
"
E,"
"
E,"
"
E,"
"
E,"
"
E,"
"
E,"
"
E,